WiiSports,Wii Sports
videogames,Wii Sports
wii,Wii Sports
nintendo,Wii Sports
ImgPlay,Wii Sports
Wac_Kun,Wii Sports
wii,Wii Sports
wiisports,Wii Sports
空前絶後,Wii Sports
我が家のブーム,Wii Sports
WiiSports,Wii Sports
WiiSports,Wii Sports
PokemonRedAndBlue,Wii Sports
wiisports,Wii Sports
wiisports,Wii Sports
WiiSports,Wii Sports
小３男子,Wii Sports
小6の姉とボーリングゲームもやってました,Wii Sports
wiisports,Wii Sports
SFV,Wii Sports
SFVAE,Wii Sports
eSports,Wii Sports
wiisports,Wii Sports
StreetFighter,Wii Sports
FGC,Wii Sports
meme,Wii Sports
WiiSports,Wii Sports
Nintendo,Wii Sports
wiisports,Wii Sports
wii,Wii Sports
wiisports,Wii Sports
kidgames,Wii Sports
wii,Wii Sports
wiisports,Wii Sports
mariokart,Wii Sports
nintendo,Wii Sports
nintendowii,Wii Sports
nintendowiicontroller,Wii Sports
WiiSports,Wii Sports
PerfectDark,Wii Sports
がいこーくじん,Wii Sports
WiiSports,Wii Sports
ゲーム実況,Wii Sports
ニコニコ動画,Wii Sports
ニコニコ超会議2018,Wii Sports
SFV,Wii Sports
SFVAE,Wii Sports
eSports,Wii Sports
wiisports,Wii Sports
StreetFighter,Wii Sports
FGC,Wii Sports
meme,Wii Sports
wiisports,Wii Sports
SFV,Wii Sports
SFVAE,Wii Sports
eSports,Wii Sports
wiisports,Wii Sports
StreetFighter,Wii Sports
FGC,Wii Sports
GolfStory,Wii Sports
WiiSports,Wii Sports
NintendoSwitch,Wii Sports
ThisRetiredWiiGolfProsStillGotIt,Wii Sports
GolfStory,Wii Sports
WiiSports,Wii Sports
NintendoSwitch,Wii Sports
RetiredWiiSportsPro,Wii Sports
GolfStory,Wii Sports
WiiSports,Wii Sports
NintendoSwitch,Wii Sports
WiiSports,Wii Sports
Nintendo,Wii Sports
PokemonDay,Pokemon Red/Pokemon Blue
Pokemon,Pokemon Red/Pokemon Blue
ポケモンGO,Pokemon Red/Pokemon Blue
pokemon,Pokemon Red/Pokemon Blue
anipoke,Pokemon Red/Pokemon Blue
pokemon,Pokemon Red/Pokemon Blue
おはスタ,Pokemon Red/Pokemon Blue
ルギア,Pokemon Red/Pokemon Blue
Pokemon,Pokemon Red/Pokemon Blue
ADHDMomment,Pokemon Red/Pokemon Blue
Pokemon,Pokemon Red/Pokemon Blue
Overwatch,Pokemon Red/Pokemon Blue
UMA,Pokemon Red/Pokemon Blue
Pokemon,Pokemon Red/Pokemon Blue
Demon,Pokemon Red/Pokemon Blue
鬼,Pokemon Red/Pokemon Blue
ポケモン,Pokemon Red/Pokemon Blue
ポケモンGO,Pokemon Red/Pokemon Blue
pokemon,Pokemon Red/Pokemon Blue
charmander,Pokemon Red/Pokemon Blue
Charmeleon,Pokemon Red/Pokemon Blue
Pokemon,Pokemon Red/Pokemon Blue
PokemonGO,Pokemon Red/Pokemon Blue
pokemongocontest,Pokemon Red/Pokemon Blue
Evolved,Pokemon Red/Pokemon Blue
Fire,Pokemon Red/Pokemon Blue
Pokemon,Pokemon Red/Pokemon Blue
PokemonDay,Pokemon Red/Pokemon Blue
UltraPrism,Pokemon Red/Pokemon Blue
pokemon,Pokemon Red/Pokemon Blue
pokemontcg,Pokemon Red/Pokemon Blue
furry,Pokemon Red/Pokemon Blue
gay,Pokemon Red/Pokemon Blue
Pokemon,Pokemon Red/Pokemon Blue
gottafuckemall,Pokemon Red/Pokemon Blue
art,Pokemon Red/Pokemon Blue
drawing,Pokemon Red/Pokemon Blue
pokemon,Pokemon Red/Pokemon Blue
pokefusion,Pokemon Red/Pokemon Blue
pokemonfusion,Pokemon Red/Pokemon Blue
fusion,Pokemon Red/Pokemon Blue
ポケモンGO,Pokemon Red/Pokemon Blue
pokemon,Pokemon Red/Pokemon Blue
pokemon,Pokemon Red/Pokemon Blue
tcg,Pokemon Red/Pokemon Blue
PokemonTCG,Pokemon Red/Pokemon Blue
Nintendo,Pokemon Red/Pokemon Blue
Pokemon,Pokemon Red/Pokemon Blue
eBay,Pokemon Red/Pokemon Blue
Pokemon,Pokemon Red/Pokemon Blue
Panini,Pokemon Red/Pokemon Blue
album,Pokemon Red/Pokemon Blue
pokemonpanini,Pokemon Red/Pokemon Blue
Pokemon,Pokemon Red/Pokemon Blue
PokemonDay,Pokemon Red/Pokemon Blue
Pokémon,Pokemon Red/Pokemon Blue
pokemontcg,Pokemon Red/Pokemon Blue
Pokemon,Pokemon Red/Pokemon Blue
Pokémon,Pokemon Red/Pokemon Blue
Kids,Pokemon Red/Pokemon Blue
Giveaway,Pokemon Red/Pokemon Blue
Follow,Pokemon Red/Pokemon Blue
win,Pokemon Red/Pokemon Blue
competition,Pokemon Red/Pokemon Blue
prize,Pokemon Red/Pokemon Blue
compers,Pokemon Red/Pokemon Blue
contest,Pokemon Red/Pokemon Blue
prizes,Pokemon Red/Pokemon Blue
pokemon,Pokemon Red/Pokemon Blue
luisen,Pokemon Red/Pokemon Blue
vidalocke,Pokemon Red/Pokemon Blue
heartgoldversion,Pokemon Red/Pokemon Blue
fola,Pokemon Red/Pokemon Blue
custom,Pokemon Red/Pokemon Blue
pokemon,Pokemon Red/Pokemon Blue
Gameboy,Pokemon Red/Pokemon Blue
Pokemon,Pokemon Red/Pokemon Blue
pokemon,Pokemon Red/Pokemon Blue
drawing,Pokemon Red/Pokemon Blue
illustration,Pokemon Red/Pokemon Blue
squirtle,Pokemon Red/Pokemon Blue
art,Pokemon Red/Pokemon Blue
anime,Pokemon Red/Pokemon Blue
pokemonday,Pokemon Red/Pokemon Blue
youtuber,Pokemon Red/Pokemon Blue
pokemon,Pokemon Red/Pokemon Blue
Pokemon,Pokemon Red/Pokemon Blue
pokemon,Pokemon Red/Pokemon Blue
gameboy,Pokemon Red/Pokemon Blue
pokemonstadium,Pokemon Red/Pokemon Blue
PokemonDay,Pokemon Red/Pokemon Blue
Pokemon,Pokemon Red/Pokemon Blue
pokemon,Pokemon Red/Pokemon Blue
Support,Pokemon Red/Pokemon Blue
Patreon,Pokemon Red/Pokemon Blue
PokedexChallenge,Pokemon Red/Pokemon Blue
Pokemon,Pokemon Red/Pokemon Blue
furry,Pokemon Red/Pokemon Blue
pokemon,Pokemon Red/Pokemon Blue
lewd,Pokemon Red/Pokemon Blue
yiff,Pokemon Red/Pokemon Blue
nsfw,Pokemon Red/Pokemon Blue
art,Pokemon Red/Pokemon Blue
commission,Pokemon Red/Pokemon Blue
Pokemon,Pokemon Red/Pokemon Blue
PokkenTournamentDX,Pokemon Red/Pokemon Blue
pokemon,Pokemon Red/Pokemon Blue
pokemon,Pokemon Red/Pokemon Blue
Pokemon,Pokemon Red/Pokemon Blue
Pokemon,Pokemon Red/Pokemon Blue
twitch,Pokemon Red/Pokemon Blue
pokemon,Pokemon Red/Pokemon Blue
nuzlocke,Pokemon Red/Pokemon Blue
Pokemon,Pokemon Red/Pokemon Blue
Pokemon,Pokemon Red/Pokemon Blue
custom,Pokemon Red/Pokemon Blue
pokemon,Pokemon Red/Pokemon Blue
Gameboy,Pokemon Red/Pokemon Blue
pokemon,Pokemon Red/Pokemon Blue
pokemonday,Pokemon Red/Pokemon Blue
PokemonDay,Pokemon Red/Pokemon Blue
Pokemon,Pokemon Red/Pokemon Blue
Pokemon,Pokemon Red/Pokemon Blue
pokemon,Pokemon Red/Pokemon Blue
Pokemon,Pokemon Red/Pokemon Blue
ÇEKİLİŞ,Pokemon Red/Pokemon Blue
cekilis,Pokemon Red/Pokemon Blue
pokemon,Pokemon Red/Pokemon Blue
taso,Pokemon Red/Pokemon Blue
hediye,Pokemon Red/Pokemon Blue
YouTube,Pokemon Red/Pokemon Blue
custom,Pokemon Red/Pokemon Blue
pokemon,Pokemon Red/Pokemon Blue
Gameboy,Pokemon Red/Pokemon Blue
Pokemon,Pokemon Red/Pokemon Blue
Pokemon,Pokemon Red/Pokemon Blue
Pokemon,Pokemon Red/Pokemon Blue
AnimeSelcaDay,Pokemon Red/Pokemon Blue
TeamRocket,Pokemon Red/Pokemon Blue
James,Pokemon Red/Pokemon Blue
Pokemon,Pokemon Red/Pokemon Blue
Pokémon,Pokemon Red/Pokemon Blue
Kids,Pokemon Red/Pokemon Blue
Giveaway,Pokemon Red/Pokemon Blue
Follow,Pokemon Red/Pokemon Blue
win,Pokemon Red/Pokemon Blue
competition,Pokemon Red/Pokemon Blue
prize,Pokemon Red/Pokemon Blue
compers,Pokemon Red/Pokemon Blue
contest,Pokemon Red/Pokemon Blue
prizes,Pokemon Red/Pokemon Blue
pokemon,Pokemon Red/Pokemon Blue
PokemonDay,Pokemon Red/Pokemon Blue
nintendo,Pokemon Red/Pokemon Blue
goodsmilecompany,Pokemon Red/Pokemon Blue
nendoroid,Pokemon Red/Pokemon Blue
pokemon,Pokemon Red/Pokemon Blue
canon,Pokemon Red/Pokemon Blue
fat,Pokemon Red/Pokemon Blue
pokemon,Pokemon Red/Pokemon Blue
logic,Pokemon Red/Pokemon Blue
pokemongo,Pokemon Red/Pokemon Blue
pokemon,Pokemon Red/Pokemon Blue
カイリュー,Pokemon Red/Pokemon Blue
カビゴン,Pokemon Red/Pokemon Blue
ラプラス,Pokemon Red/Pokemon Blue
捕獲,Pokemon Red/Pokemon Blue
dragonite,Pokemon Red/Pokemon Blue
marketing,Pokemon Red/Pokemon Blue
business,Pokemon Red/Pokemon Blue
news,Pokemon Red/Pokemon Blue
pokemon,Pokemon Red/Pokemon Blue
Pokemon,Pokemon Red/Pokemon Blue
Pokemon,Pokemon Red/Pokemon Blue
Pokemon,Pokemon Red/Pokemon Blue
Pokemon,Pokemon Red/Pokemon Blue
Pokemon,Pokemon Red/Pokemon Blue
Pokémon,Pokemon Red/Pokemon Blue
Kids,Pokemon Red/Pokemon Blue
Giveaway,Pokemon Red/Pokemon Blue
Follow,Pokemon Red/Pokemon Blue
win,Pokemon Red/Pokemon Blue
competition,Pokemon Red/Pokemon Blue
prize,Pokemon Red/Pokemon Blue
compers,Pokemon Red/Pokemon Blue
contest,Pokemon Red/Pokemon Blue
prizes,Pokemon Red/Pokemon Blue
Casual,Pokemon Red/Pokemon Blue
PokemonDay,Pokemon Red/Pokemon Blue
Pokemon,Pokemon Red/Pokemon Blue
Concours,Pokemon Red/Pokemon Blue
PokemonDay,Pokemon Red/Pokemon Blue
RT,Pokemon Red/Pokemon Blue
Pokémon,Pokemon Red/Pokemon Blue
ポケモンGO,Pokemon Red/Pokemon Blue
pokemon,Pokemon Red/Pokemon Blue
Pokemon,Pokemon Red/Pokemon Blue
Pokemon,Pokemon Red/Pokemon Blue
Pokemon,Pokemon Red/Pokemon Blue
Casual,Pokemon Red/Pokemon Blue
PokemonDay,Pokemon Red/Pokemon Blue
Pokemon,Pokemon Red/Pokemon Blue
ポケモンGO,Pokemon Red/Pokemon Blue
pokemon,Pokemon Red/Pokemon Blue
Pokemon,Pokemon Red/Pokemon Blue
ポケモンGO,Pokemon Red/Pokemon Blue
pokemon,Pokemon Red/Pokemon Blue
Pokemon,Pokemon Red/Pokemon Blue
Pokemon,Pokemon Red/Pokemon Blue
Pokemon,Pokemon Red/Pokemon Blue
Pokemon,Pokemon Red/Pokemon Blue
pokemon,Pokemon Red/Pokemon Blue
ポケモンGO,Pokemon Red/Pokemon Blue
pokemon,Pokemon Red/Pokemon Blue
pokemon,Pokemon Red/Pokemon Blue
Bulbasaur,Pokemon Red/Pokemon Blue
Pokemon,Pokemon Red/Pokemon Blue
PokemonGo,Pokemon Red/Pokemon Blue
PokemonGoApp,Pokemon Red/Pokemon Blue
PokemonGoAberdeen,Pokemon Red/Pokemon Blue
Pokemon,Pokemon Red/Pokemon Blue
Pokemon,Pokemon Red/Pokemon Blue
PokemonDay,Pokemon Red/Pokemon Blue
nintendo,Pokemon Red/Pokemon Blue
goodsmilecompany,Pokemon Red/Pokemon Blue
nendoroid,Pokemon Red/Pokemon Blue
pokemon,Pokemon Red/Pokemon Blue
canon,Pokemon Red/Pokemon Blue
Pokemon,Pokemon Red/Pokemon Blue
Pokemon,Pokemon Red/Pokemon Blue
Pokemon,Pokemon Red/Pokemon Blue
pokemongo,Pokemon Red/Pokemon Blue
pokemon,Pokemon Red/Pokemon Blue
カイリュー,Pokemon Red/Pokemon Blue
カビゴン,Pokemon Red/Pokemon Blue
ラプラス,Pokemon Red/Pokemon Blue
捕獲,Pokemon Red/Pokemon Blue
dragonite,Pokemon Red/Pokemon Blue
lapras,Pokemon Red/Pokemon Blue
snorlax,Pokemon Red/Pokemon Blue
PokemonDay,Pokemon Red/Pokemon Blue
Pokemon,Pokemon Red/Pokemon Blue
Pokémon,Pokemon Red/Pokemon Blue
Kids,Pokemon Red/Pokemon Blue
Giveaway,Pokemon Red/Pokemon Blue
Follow,Pokemon Red/Pokemon Blue
win,Pokemon Red/Pokemon Blue
competition,Pokemon Red/Pokemon Blue
prize,Pokemon Red/Pokemon Blue
compers,Pokemon Red/Pokemon Blue
contest,Pokemon Red/Pokemon Blue
prizes,Pokemon Red/Pokemon Blue
pokemon,Pokemon Red/Pokemon Blue
zelda,Pokemon Red/Pokemon Blue
PokemonDay,Pokemon Red/Pokemon Blue
Yoshi,Super Mario Bros.
Baby,Super Mario Bros.
Bodysuit,Super Mario Bros.
handmade,Super Mario Bros.
gift,Super Mario Bros.
felt,Super Mario Bros.
eco,Super Mario Bros.
game,Super Mario Bros.
geek,Super Mario Bros.
Nintendo,Super Mario Bros.
SNES,Super Mario Bros.
SuperNintendo,Super Mario Bros.
donkeykong,Super Mario Bros.
Zelda,Super Mario Bros.
Monzies,Grand Theft Auto V
FEAR,Grand Theft Auto V
PrettyLilMonsters,Grand Theft Auto V
GtaOnline,Grand Theft Auto V
GTAV,Grand Theft Auto V
RockstarGames,Grand Theft Auto V
RockstarEditor,Grand Theft Auto V
Snapmatic,Grand Theft Auto V
Gtav,Grand Theft Auto V
Gtaonline,Grand Theft Auto V
Gaming,Grand Theft Auto V
Deluxo,Grand Theft Auto V
Hydra,Grand Theft Auto V
Tricks,Grand Theft Auto V
WSDiggaveli,Grand Theft Auto V
PS4share,Grand Theft Auto V
GTAV,Grand Theft Auto V
YouTube,Grand Theft Auto V
Live,Grand Theft Auto V
Monzies,Grand Theft Auto V
FEAR,Grand Theft Auto V
PrettyLilMonsters,Grand Theft Auto V
GtaOnline,Grand Theft Auto V
GTAV,Grand Theft Auto V
RockstarGames,Grand Theft Auto V
RockstarEditor,Grand Theft Auto V
RockstarGames,Grand Theft Auto V
GTAOnline,Grand Theft Auto V
GTAV,Grand Theft Auto V
GTAOnline,Grand Theft Auto V
UNIT,Grand Theft Auto V
TMGT,Grand Theft Auto V
YRA7,Grand Theft Auto V
Snapmatic,Grand Theft Auto V
GTAVOnline,Grand Theft Auto V
SnapmaticArt,Grand Theft Auto V
GTAV,Grand Theft Auto V
RockstarGames,Grand Theft Auto V
Refiltered,Grand Theft Auto V
GTAOnline,Grand Theft Auto V
GTAV,Grand Theft Auto V
DigitalArt,Grand Theft Auto V
GTAv,Grand Theft Auto V
GTAOnline,Grand Theft Auto V
LuckySnaps,Grand Theft Auto V
RockstarGames,Grand Theft Auto V
GTAV,Grand Theft Auto V
Refiltered,Grand Theft Auto V
GTAOnline,Grand Theft Auto V
GTAV,Grand Theft Auto V
DigitalArt,Grand Theft Auto V
GTAOnline,Grand Theft Auto V
GTAV,Grand Theft Auto V
GTAV,Grand Theft Auto V
FiveM,Grand Theft Auto V
GTAOnline,Grand Theft Auto V
GTAV,Grand Theft Auto V
Snapmatic,Grand Theft Auto V
GTAPhotography,Grand Theft Auto V
RockstarEditor,Grand Theft Auto V
RockstarGames,Grand Theft Auto V
Gaming,Grand Theft Auto V
YouTube,Grand Theft Auto V
Sub4Sub,Grand Theft Auto V
video,Grand Theft Auto V
comment,Grand Theft Auto V
video,Grand Theft Auto V
ViralVideo,Grand Theft Auto V
parody,Grand Theft Auto V
GTAV,Grand Theft Auto V
GTAOnline,Grand Theft Auto V
Rockstargames,Grand Theft Auto V
GTAV,Grand Theft Auto V
GTAPhotographers,Grand Theft Auto V
TheLowlyGentelmen,Grand Theft Auto V
ARRTweek,Grand Theft Auto V
Lowrider,Grand Theft Auto V
GTAV,Grand Theft Auto V
GTAV,Grand Theft Auto V
LOWERHABIT,Grand Theft Auto V
GTAV,Grand Theft Auto V
GTAOnline,Grand Theft Auto V
Snapmatic,Grand Theft Auto V
GTAPhotography,Grand Theft Auto V
SnapmaticArt,Grand Theft Auto V
TMGT,Grand Theft Auto V
SecretShadowz,Grand Theft Auto V
GTAOnline,Grand Theft Auto V
GTAV,Grand Theft Auto V
retrostuntman,Grand Theft Auto V
GTAV,Grand Theft Auto V
CHRO,Grand Theft Auto V
Snapmatic,Grand Theft Auto V
KRphotomagic,Grand Theft Auto V
GTAPhotographers,Grand Theft Auto V
GTAOnline,Grand Theft Auto V
GTAV,Grand Theft Auto V
retrostuntman,Grand Theft Auto V
Refiltered,Grand Theft Auto V
GTAOnline,Grand Theft Auto V
GTAV,Grand Theft Auto V
DigitalArt,Grand Theft Auto V
GTAV,Grand Theft Auto V
GTAV,Grand Theft Auto V
GTAOnline,Grand Theft Auto V
RockstarGames,Grand Theft Auto V
RockstarEditor,Grand Theft Auto V
BlackFlag,Grand Theft Auto V
TSkullSquad,Grand Theft Auto V
BlackR3bel,Grand Theft Auto V
Rockstargames,Grand Theft Auto V
Snapmatic,Grand Theft Auto V
GTAOnline,Grand Theft Auto V
GTAV,Grand Theft Auto V
GTAV,Grand Theft Auto V
GTAV,Grand Theft Auto V
RockstarEditor,Grand Theft Auto V
NorthYankton,Grand Theft Auto V
GTAOnline,Grand Theft Auto V
Rockstargames,Grand Theft Auto V
GTAV,Grand Theft Auto V
GTAPhotographers,Grand Theft Auto V
TheLowlyGentelmen,Grand Theft Auto V
ARRTweek,Grand Theft Auto V
Lowrider,Grand Theft Auto V
Rockstargames,Grand Theft Auto V
Snapmatic,Grand Theft Auto V
GTAOnline,Grand Theft Auto V
GTAV,Grand Theft Auto V
gamedeals,Grand Theft Auto V
GTAOnline,Grand Theft Auto V
GTAV,Grand Theft Auto V
roleplaying,Grand Theft Auto V
GTAV,Grand Theft Auto V
GTAOnline,Grand Theft Auto V
GTA5,Grand Theft Auto V
GTAOnline,Grand Theft Auto V
GTAV,Grand Theft Auto V
GTAオンライン,Grand Theft Auto V
Rockstargames,Grand Theft Auto V
Snapmatic,Grand Theft Auto V
GTAOnline,Grand Theft Auto V
GTAV,Grand Theft Auto V
GTAV,Grand Theft Auto V
RockstarEditor,Grand Theft Auto V
NorthYankton,Grand Theft Auto V
GTAV,Grand Theft Auto V
gta,Grand Theft Auto V
gtav,Grand Theft Auto V
GTAOnline,Grand Theft Auto V
gtavonline,Grand Theft Auto V
FoxyBot,Grand Theft Auto V
GTAV,Grand Theft Auto V
GTAOnline,Grand Theft Auto V
gtaV,Grand Theft Auto V
MODZinc,Grand Theft Auto V
GTACommunity,Grand Theft Auto V
GTAOnline,Grand Theft Auto V
GTA,Grand Theft Auto V
GTAV,Grand Theft Auto V
GTAPhotography,Grand Theft Auto V
GTAV,Grand Theft Auto V
GTAOnline,Grand Theft Auto V
Rockstargames,Grand Theft Auto V
GTAV,Grand Theft Auto V
GTAPhotographers,Grand Theft Auto V
TheLowlyGentelmen,Grand Theft Auto V
ARRTweek,Grand Theft Auto V
Lowrider,Grand Theft Auto V
GTAV,Grand Theft Auto V
RockstarEditor,Grand Theft Auto V
NorthYankton,Grand Theft Auto V
GTAV,Grand Theft Auto V
RockstarEditor,Grand Theft Auto V
GTAOnline,Grand Theft Auto V
GTAV,Grand Theft Auto V
RockstarGames,Grand Theft Auto V
macer_media,Grand Theft Auto V
VirtualPhotography,Grand Theft Auto V
MoodRainyDay,Grand Theft Auto V
MOOD,Grand Theft Auto V
Snapmatic,Grand Theft Auto V
TMGT,Grand Theft Auto V
cychocycles,Grand Theft Auto V
Rain,Grand Theft Auto V
Visual_Moods,Grand Theft Auto V
GTAOnline,Grand Theft Auto V
GTAV,Grand Theft Auto V
GTAV,Grand Theft Auto V
Snapmatic,Grand Theft Auto V
GTAOnline,Grand Theft Auto V
GTAPhotographers,Grand Theft Auto V
GTASnapmatic,Grand Theft Auto V
SnapmaticArt,Grand Theft Auto V
GamersUnite,Grand Theft Auto V
GTAV,Grand Theft Auto V
PS4Pro,Grand Theft Auto V
GTAV,Grand Theft Auto V
GTAOnline,Grand Theft Auto V
GTAPhotographers,Grand Theft Auto V
Snapmatic,Grand Theft Auto V
ARRT,Grand Theft Auto V
ARRTweek,Grand Theft Auto V
Lowrider,Grand Theft Auto V
gameing,Grand Theft Auto V
target,Grand Theft Auto V
space,Grand Theft Auto V
sicfi,Grand Theft Auto V
aircraft,Grand Theft Auto V
promo,Grand Theft Auto V
marking,Grand Theft Auto V
gaming,Grand Theft Auto V
GTAV,Grand Theft Auto V
GTAOnline,Grand Theft Auto V
daSnakZ,Grand Theft Auto V
Snapmatic,Grand Theft Auto V
GTAV,Grand Theft Auto V
GTAOnline,Grand Theft Auto V
RockstarGames,Grand Theft Auto V
RockstarEditor,Grand Theft Auto V
BlackFlag,Grand Theft Auto V
TSkullSquad,Grand Theft Auto V
BlackR3bel,Grand Theft Auto V
MoodRainyDay,Grand Theft Auto V
MOOD,Grand Theft Auto V
Snapmatic,Grand Theft Auto V
TMGT,Grand Theft Auto V
cychocycles,Grand Theft Auto V
Rain,Grand Theft Auto V
Visual_Moods,Grand Theft Auto V
GTAOnline,Grand Theft Auto V
GTAV,Grand Theft Auto V
Refiltered,Grand Theft Auto V
GTAOnline,Grand Theft Auto V
GTAV,Grand Theft Auto V
DigitalArt,Grand Theft Auto V
GTAV,Grand Theft Auto V
GTAOnline,Grand Theft Auto V
Snapmatic,Grand Theft Auto V
GTAV,Grand Theft Auto V
GTAOnline,Grand Theft Auto V
Snapmatic,Grand Theft Auto V
Refiltered,Grand Theft Auto V
GTAOnline,Grand Theft Auto V
GTAV,Grand Theft Auto V
DigitalArt,Grand Theft Auto V
GTAV,Grand Theft Auto V
GTAOnline,Grand Theft Auto V
Snapmatic,Grand Theft Auto V
RoughStyle,Grand Theft Auto V
RSTL,Grand Theft Auto V
RockstarGames,Grand Theft Auto V
Refiltered,Grand Theft Auto V
GTAOnline,Grand Theft Auto V
GTAV,Grand Theft Auto V
DigitalArt,Grand Theft Auto V
MoodRainyDay,Grand Theft Auto V
MOOD,Grand Theft Auto V
Snapmatic,Grand Theft Auto V
TMGT,Grand Theft Auto V
cychocycles,Grand Theft Auto V
Rain,Grand Theft Auto V
Visual_Moods,Grand Theft Auto V
GTAOnline,Grand Theft Auto V
GTAV,Grand Theft Auto V
GTAV,Grand Theft Auto V
GTAOnline,Grand Theft Auto V
RockstarGames,Grand Theft Auto V
RockstarEditor,Grand Theft Auto V
BlackFlag,Grand Theft Auto V
TSkullSquad,Grand Theft Auto V
BlackR3bel,Grand Theft Auto V
GTAV,Grand Theft Auto V
wizebot,Grand Theft Auto V
twitch,Grand Theft Auto V
roleplaying,Grand Theft Auto V
community,Grand Theft Auto V
GTAV,Grand Theft Auto V
FiveM,Grand Theft Auto V
roleplayers,Grand Theft Auto V
GTAOnline,Grand Theft Auto V
GTAV,Grand Theft Auto V
retrostuntman,Grand Theft Auto V
GTAOnline,Grand Theft Auto V
GTAV,Grand Theft Auto V
Snapmatic,Grand Theft Auto V
GTAPhotography,Grand Theft Auto V
RockstarEditor,Grand Theft Auto V
RockstarGames,Grand Theft Auto V
Gaming,Grand Theft Auto V
GTAV,Grand Theft Auto V
GTAOnline,Grand Theft Auto V
RockstarGames,Grand Theft Auto V
RockstarEditor,Grand Theft Auto V
BlackFlag,Grand Theft Auto V
TSkullSquad,Grand Theft Auto V
BlackR3bel,Grand Theft Auto V
GTAOnline,Grand Theft Auto V
GTAV,Grand Theft Auto V
retrostuntman,Grand Theft Auto V
GTAV,Grand Theft Auto V
Snapmatic,Grand Theft Auto V
GTAOnline,Grand Theft Auto V
GTAV,Grand Theft Auto V
retrostuntman,Grand Theft Auto V
UNIT,Grand Theft Auto V
TMGT,Grand Theft Auto V
YRA7,Grand Theft Auto V
Snapmatic,Grand Theft Auto V
GTAVOnline,Grand Theft Auto V
SnapmaticArt,Grand Theft Auto V
GTAV,Grand Theft Auto V
RockstarGames,Grand Theft Auto V
GTAV,Grand Theft Auto V
UNIT,Grand Theft Auto V
ROGUE,Grand Theft Auto V
Snapmatic,Grand Theft Auto V
RockstarGames,Grand Theft Auto V
GTAPhotographers,Grand Theft Auto V
GTAV,Grand Theft Auto V
UNIT,Grand Theft Auto V
ROGUE,Grand Theft Auto V
Snapmatic,Grand Theft Auto V
RockstarGames,Grand Theft Auto V
GTAPhotographers,Grand Theft Auto V
GTAV,Grand Theft Auto V
CHRO,Grand Theft Auto V
Snapmatic,Grand Theft Auto V
KRphotomagic,Grand Theft Auto V
GTAPhotographers,Grand Theft Auto V
GTAV,Grand Theft Auto V
RP,Grand Theft Auto V
LSPDFR,Grand Theft Auto V
GTAPhotographers,Grand Theft Auto V
GTAV,Grand Theft Auto V
GamersUnite,Grand Theft Auto V
GTAOnline,Grand Theft Auto V
GTAPhotographers,Grand Theft Auto V
GTASnapmatic,Grand Theft Auto V
SnapmaticArt,Grand Theft Auto V
GamersUnite,Grand Theft Auto V
GTAV,Grand Theft Auto V
PS4Pro,Grand Theft Auto V
MoodRainyDay,Grand Theft Auto V
MOOD,Grand Theft Auto V
Snapmatic,Grand Theft Auto V
TMGT,Grand Theft Auto V
cychocycles,Grand Theft Auto V
Rain,Grand Theft Auto V
Visual_Moods,Grand Theft Auto V
GTAOnline,Grand Theft Auto V
GTAV,Grand Theft Auto V
HuntShowdown,Grand Theft Auto V
GTAV,Grand Theft Auto V
LSPDFR,Grand Theft Auto V
GTAPhotographers,Grand Theft Auto V
GTAV,Grand Theft Auto V
GamersUnite,Grand Theft Auto V
GTAV,Grand Theft Auto V
GTAOnline,Grand Theft Auto V
Snapmatic,Grand Theft Auto V
RoughStyle,Grand Theft Auto V
RSTL,Grand Theft Auto V
RockstarGames,Grand Theft Auto V
GTAV,Grand Theft Auto V
street,Grand Theft Auto V
drone,Grand Theft Auto V
gta,Grand Theft Auto V
gtav,Grand Theft Auto V
gta5,Grand Theft Auto V
gtaonline,Grand Theft Auto V
gta5online,Grand Theft Auto V
gtavonline,Grand Theft Auto V
MoodRainyDay,Grand Theft Auto V
MOOD,Grand Theft Auto V
Snapmatic,Grand Theft Auto V
TMGT,Grand Theft Auto V
cychocycles,Grand Theft Auto V
Rain,Grand Theft Auto V
Visual_Moods,Grand Theft Auto V
GTAOnline,Grand Theft Auto V
GTAV,Grand Theft Auto V
GTAV,Grand Theft Auto V
GTAOnline,Grand Theft Auto V
RockstarGames,Grand Theft Auto V
RockstarEditor,Grand Theft Auto V
BlackFlag,Grand Theft Auto V
TSkullSquad,Grand Theft Auto V
BlackR3bel,Grand Theft Auto V
PS4,Grand Theft Auto V
R6S,Grand Theft Auto V
BF4,Grand Theft Auto V
GTAV,Grand Theft Auto V
映画,Grand Theft Auto V
GTAOnline,Grand Theft Auto V
Rockstargames,Grand Theft Auto V
GTAV,Grand Theft Auto V
GTAPhotographers,Grand Theft Auto V
TheLowlyGentelmen,Grand Theft Auto V
ARRTweek,Grand Theft Auto V
Lowrider,Grand Theft Auto V
GTAV,Grand Theft Auto V
UNIT,Grand Theft Auto V
ROGUE,Grand Theft Auto V
Snapmatic,Grand Theft Auto V
RockstarGames,Grand Theft Auto V
GTAPhotographers,Grand Theft Auto V
GTAV,Grand Theft Auto V
UNIT,Grand Theft Auto V
ROGUE,Grand Theft Auto V
Snapmatic,Grand Theft Auto V
RockstarGames,Grand Theft Auto V
GTAPhotographers,Grand Theft Auto V
GTAV,Grand Theft Auto V
UNIT,Grand Theft Auto V
ROGUE,Grand Theft Auto V
Snapmatic,Grand Theft Auto V
RockstarGames,Grand Theft Auto V
GTAPhotographers,Grand Theft Auto V
GTAV,Grand Theft Auto V
UNIT,Grand Theft Auto V
ROGUE,Grand Theft Auto V
Snapmatic,Grand Theft Auto V
RockstarGames,Grand Theft Auto V
GTAPhotographers,Grand Theft Auto V
GTAOnline,Grand Theft Auto V
GTAV,Grand Theft Auto V
roleplaying,Grand Theft Auto V
GTAV,Grand Theft Auto V
GTAV,Grand Theft Auto V
GTAOnline,Grand Theft Auto V
daSnakZ,Grand Theft Auto V
Snapmatic,Grand Theft Auto V
acls,Grand Theft Auto V
proj5,Grand Theft Auto V
live,Grand Theft Auto V
twitch,Grand Theft Auto V
gtav,Grand Theft Auto V
gta5,Grand Theft Auto V
GTAV,Grand Theft Auto V
GTAOnline,Grand Theft Auto V
RockstarGames,Grand Theft Auto V
RockstarEditor,Grand Theft Auto V
BlackFlag,Grand Theft Auto V
TSkullSquad,Grand Theft Auto V
BlackR3bel,Grand Theft Auto V
GTAV,Grand Theft Auto V
CHRO,Grand Theft Auto V
Snapmatic,Grand Theft Auto V
KRphotomagic,Grand Theft Auto V
GTAPhotographers,Grand Theft Auto V
acls,Grand Theft Auto V
proj5,Grand Theft Auto V
live,Grand Theft Auto V
twitch,Grand Theft Auto V
gtav,Grand Theft Auto V
gta5,Grand Theft Auto V
DarkSouls3,Dark Souls III
DarkSouls3,Dark Souls III
darksouls3,Dark Souls III
PS4share,Dark Souls III
Soulsborne,Dark Souls III
darksouls3,Dark Souls III
darksouls3,Dark Souls III
DarkSouls3,Dark Souls III
DarkSouls3,Dark Souls III
gaming,Dark Souls III
steam,Dark Souls III
dplxfamily,Dark Souls III
streamtomorrow,Dark Souls III
DarkSouls3,Dark Souls III
darksouls3,Dark Souls III
DarkSouls3,Dark Souls III
gamer,Dark Souls III
DarkSouls3,Dark Souls III
gamer,Dark Souls III
DarkSouls3,Dark Souls III
DarkSouls,Dark Souls III
Dark_Souls_3,Dark Souls III
Dark_Souls,Dark Souls III
DS,Dark Souls III
DS3,Dark Souls III
PS4live,Dark Souls III
Supportsmallstreamers,Dark Souls III
Fromsoftware,Dark Souls III
Darksouls3,Dark Souls III
Bonfire,Dark Souls III
PS4live,Dark Souls III
Supportsmallstreamers,Dark Souls III
Fromsoftware,Dark Souls III
Darksouls3,Dark Souls III
Bonfire,Dark Souls III
DarkSouls3,Dark Souls III
twitch,Dark Souls III
Fanart,Dark Souls III
DarkSouls,Dark Souls III
DarkSouls3,Dark Souls III
ciaran,Dark Souls III
darksouls3,Dark Souls III
fromsoftware,Dark Souls III
Humble,Dark Souls III
Bundle,Dark Souls III
DarkSouls3,Dark Souls III
Gamempire,Dark Souls III
Darksouls3,Dark Souls III
Giveaway,Dark Souls III
DarkSouls3,Dark Souls III
twitch,Dark Souls III
stream,Dark Souls III
DarkSouls3,Dark Souls III
gaming,Dark Souls III
streamer,Dark Souls III
DarkSouls3,Dark Souls III
DarkSouls3,Dark Souls III
Giveaway,Dark Souls III
SteamKey,Dark Souls III
DarkSouls3,Dark Souls III
YouTube,Dark Souls III
SupportSmallStreamers,Dark Souls III
DarkSouls3,Dark Souls III
DarkSouls3,Dark Souls III
DarkSouls3,Dark Souls III
twitchclips,Dark Souls III
DarkSouls3,Dark Souls III
DarkSouls3,Dark Souls III
DarkSouls3,Dark Souls III
DarkSouls3,Dark Souls III
DarkSouls3,Dark Souls III
DarkSouls3,Dark Souls III
ダークソウル3,Dark Souls III
PS4share,Dark Souls III
DarkSouls3,Dark Souls III
ダークソウル3,Dark Souls III
PS4share,Dark Souls III
DarkSouls3,Dark Souls III
ダークソウル3,Dark Souls III
PS4share,Dark Souls III
darksouls3,Dark Souls III
PS4share,Dark Souls III
DarkSouls3,Dark Souls III
DarkSouls3,Dark Souls III
DarkSouls3,Dark Souls III
darksouls3,Dark Souls III
PS4share,Dark Souls III
DarkSouls,Dark Souls III
DarkSouls3,Dark Souls III
DarkSouls3,Dark Souls III
gaming,Dark Souls III
streamer,Dark Souls III
DarkSouls3,Dark Souls III
gamer,Dark Souls III
gaming,Dark Souls III
ps4,Dark Souls III
gamingsetup,Dark Souls III
twitch,Dark Souls III
ダークソウル3,Dark Souls III
DarkSouls3,Dark Souls III
ダークソウル3,Dark Souls III
DarkSouls3,Dark Souls III
DarkSouls3,Dark Souls III
Darksouls3,Dark Souls III
Giveaway,Dark Souls III
DarkSouls3,Dark Souls III
DarkSouls3,Dark Souls III
DarkSouls3,Dark Souls III
DarkSouls3,Dark Souls III
Nioh,Dark Souls III
Bloodborne,Dark Souls III
DarkSouls3,Dark Souls III
Playstation,Dark Souls III
Xbox,Dark Souls III
Nintendo,Dark Souls III
PC,Dark Souls III
Bloodborne2,Dark Souls III
FashionSouls,Dark Souls III
Bloodborne,Dark Souls III
DarkSouls,Dark Souls III
DarkSouls3,Dark Souls III
PS4share,Dark Souls III
новинки,Dark Souls III
игры,Dark Souls III
DarkSouls3,Dark Souls III
геймер,Dark Souls III
DarkSouls,Dark Souls III
darksouls3,Dark Souls III
theringedcity,Dark Souls III
slav,Dark Souls III
Nioh,Dark Souls III
Bloodborne,Dark Souls III
DarkSouls3,Dark Souls III
Playstation,Dark Souls III
Xbox,Dark Souls III
Nintendo,Dark Souls III
PC,Dark Souls III
DarkSouls3,Dark Souls III
YouDied,Dark Souls III
concours,Dark Souls III
DarkSouls3,Dark Souls III
azucar,Dark Souls III
DarkSouls3,Dark Souls III
DarkSouls3,Dark Souls III
DarkSouls3,Dark Souls III
обзор,Dark Souls III
игра,Dark Souls III
игрок,Dark Souls III
DARKSOULS3,Dark Souls III
ダークソウル３,Dark Souls III
Darksouls3,Dark Souls III
PS4share,Dark Souls III
DarkSouls3,Dark Souls III
DarkSouls3,Dark Souls III
HumbleMonthly,Dark Souls III
darksouls3,Dark Souls III
DarkSouls3,Dark Souls III
darksouls3,Dark Souls III
DarkSouls3,Dark Souls III
DarkSouls3,Dark Souls III
DarkSouls3,Dark Souls III
DarkSouls3,Dark Souls III
SupportSmallerStreamers,Dark Souls III
twitch,Dark Souls III
DarkSouls3,Dark Souls III
DarkSouls3,Dark Souls III
ダークソウル3,Dark Souls III
DarkSouls,Dark Souls III
DarkSouls3,Dark Souls III
DarkSouls3,Dark Souls III
DarkSouls3,Dark Souls III
DarkSouls3,Dark Souls III
DarkSouls3,Dark Souls III
DarkSouls3,Dark Souls III
PS4,Dark Souls III
Minecraft,Dark Souls III
Darksouls3,Dark Souls III
オーバーウォッチ,Dark Souls III
bo3,Dark Souls III
DarkSouls3,Dark Souls III
DarkSouls3,Dark Souls III
twitchkittens,Dark Souls III
DarkSouls,Dark Souls III
DarkSoulsIII,Dark Souls III
DarkSouls,Dark Souls III
DarkSouls3,Dark Souls III
DarkSouls,Dark Souls III
DarkSouls3,Dark Souls III
DarkSouls3,Dark Souls III
DarkSouls3,Dark Souls III
twitchkittens,Dark Souls III
game,Dark Souls III
gaming,Dark Souls III
pro,Dark Souls III
zerodeaths,Dark Souls III
meme,Dark Souls III
pewds,Dark Souls III
pewdiepie,Dark Souls III
ds,Dark Souls III
twitch,Dark Souls III
DarkSouls3,Dark Souls III
darksouls3,Dark Souls III
ijustwanttolive,Dark Souls III
Darksouls3,Dark Souls III
Giveaway,Dark Souls III
MedicalCannabis,Dark Souls III
MedicalMarijuana,Dark Souls III
DarkSouls3,Dark Souls III
twitch,Dark Souls III
entertainment,Dark Souls III
HALO,Halo Wars
Mixer,Halo Wars
MartesDeHALO,Halo Wars
HALOfan,Halo Wars
HaloCE,Halo Wars
헤일로,Halo Wars
HALO,Halo Wars
니가잠든사이에,Halo Wars
GROW_UP,Halo Wars
함께걸어요우리,Halo Wars
halo,Halo Wars
fps,Halo Wars
gamergirl,Halo Wars
gaymer,Halo Wars
Mond,Halo Wars
Halo,Halo Wars
halo,Halo Wars
halo,Halo Wars
HALO,Halo Wars
Halo,Halo Wars
Guardians,Halo Wars
여기여기,Halo Wars
Here_I_am,Halo Wars
헤일로,Halo Wars
halo,Halo Wars
LIAR,Halo Wars
디노,Halo Wars
디노빠,Halo Wars
조디노,Halo Wars
조성호,Halo Wars
성호,Halo Wars
DINO,Halo Wars
gamedeals,Halo Wars
김윤동,Halo Wars
윤동,Halo Wars
헤일로,Halo Wars
halo,Halo Wars
Beyonce,Halo Wars
Halo,Halo Wars
Singer2018,Halo Wars
singer,Halo Wars
vocals,Halo Wars
Cover,Halo Wars
Halo,Halo Wars
CONCOURS,Halo Wars
CKJpopnews,Halo Wars
KanzenMusic,Halo Wars
HALO,Halo Wars
Corée,Halo Wars
Kpop,Halo Wars
Halo,Halo Wars
HaloWars2,Halo Wars
Minecraft,Halo Wars
Forza,Halo Wars
Gaming,Halo Wars
니가잠든사이에,Halo Wars
헤일로,Halo Wars
HALO,Halo Wars
함께걸어요우리,Halo Wars
GROW_UP,Halo Wars
여기여기,Halo Wars
Here_I_am,Halo Wars
헤일로,Halo Wars
halo,Halo Wars
LIAR,Halo Wars
디노,Halo Wars
디노빠,Halo Wars
조디노,Halo Wars
조성호,Halo Wars
성호,Halo Wars
DINO,Halo Wars
Halo,Halo Wars
choker,Halo Wars
Black,Halo Wars
necklace,Halo Wars
vintage,Halo Wars
ribbon,Halo Wars
choker,Halo Wars
halo,Halo Wars
pearls,Halo Wars
handmade,Halo Wars
cosplay,Halo Wars
halo,Halo Wars
pubg,Halo Wars
halo,Halo Wars
F1,Halo Wars
F12018,Halo Wars
Skyf1,Halo Wars
Halo,Halo Wars
Formula1,Halo Wars
RedBull,Halo Wars
Halo,Halo Wars
김윤동,Halo Wars
윤동,Halo Wars
헤일로,Halo Wars
halo,Halo Wars
Halo,Halo Wars
mashup,Halo Wars
Capcom,Halo Wars
GTA,Halo Wars
Nintendo,Halo Wars
Halo,Halo Wars
GAWpoll,Halo Wars
CONCOURS,Halo Wars
CKJpopnews,Halo Wars
KanzenMusic,Halo Wars
HALO,Halo Wars
Corée,Halo Wars
pyourcore,Halo Wars
yoga,Halo Wars
pyourcore,Halo Wars
pyourburn,Halo Wars
pyourpour,Halo Wars
lbifitness,Halo Wars
lbifit,Halo Wars
lbi,Halo Wars
lbinj,Halo Wars
pyourcore,Halo Wars
pyourlyoriginal,Halo Wars
halo,Halo Wars
Durango,Halo Wars
México,Halo Wars
Halo,Halo Wars
Halo,Halo Wars
GearsofWar,Halo Wars
light,Halo Wars
nightphotography,Halo Wars
night,Halo Wars
joburg,Halo Wars
johannesburg,Halo Wars
여기여기,Halo Wars
Here_I_am,Halo Wars
헤일로,Halo Wars
halo,Halo Wars
LIAR,Halo Wars
디노,Halo Wars
디노빠,Halo Wars
조디노,Halo Wars
조성호,Halo Wars
성호,Halo Wars
DINO,Halo Wars
halo,Halo Wars
iamcallo,Halo Wars
prancinghorse,Halo Wars
halo,Halo Wars
F1,Halo Wars
F1testing,Halo Wars
leicaambassador,Halo Wars
TheVoice7,Halo Wars
Beyonce,Halo Wars
Halo,Halo Wars
여기여기,Halo Wars
Here_I_am,Halo Wars
헤일로,Halo Wars
halo,Halo Wars
LIAR,Halo Wars
디노,Halo Wars
디노빠,Halo Wars
조디노,Halo Wars
조성호,Halo Wars
성호,Halo Wars
DINO,Halo Wars
Halo,Halo Wars
cosplay,Halo Wars
halocosplay,Halo Wars
HaloArmor,Halo Wars
beach,Halo Wars
beachcosplay,Halo Wars
armor,Halo Wars
여기여기,Halo Wars
Here_I_am,Halo Wars
헤일로,Halo Wars
halo,Halo Wars
LIAR,Halo Wars
디노,Halo Wars
디노빠,Halo Wars
조디노,Halo Wars
조성호,Halo Wars
성호,Halo Wars
F1,Halo Wars
Halo,Halo Wars
Halo,Halo Wars
Reach,Halo Wars
Razer,Halo Wars
HALO,Halo Wars
헤일로,Halo Wars
HALOinLisbon,Halo Wars
HALOinPortugal,Halo Wars
HALOinPortugal2018,Halo Wars
KPOPinPortugal,Halo Wars
HALOHereIAm,Halo Wars
HALOHereIAmEuropeanTour,Halo Wars
Halo,Halo Wars
Formula1,Halo Wars
HALO,Halo Wars
ヘイロー,Halo Wars
XboxOneX,Halo Wars
Xboxone,Halo Wars
Halo,Halo Wars
Halo,Halo Wars
Halo,Halo Wars
F1,Halo Wars
F1jp,Halo Wars
ToroRosso,Halo Wars
PierreGasly,Halo Wars
F1Testing,Halo Wars
Halo,Halo Wars
halo,Halo Wars
HaloWC,Halo Wars
YouTubeTaughtMe,Halo Wars
Halo,Halo Wars
playstation,Halo Wars
ps3,Halo Wars
Respect,Halo Wars
Hamilton,Halo Wars
Halo,Halo Wars
F1,Halo Wars
SkyMotori,Halo Wars
Halo,Halo Wars
헤일로,Halo Wars
HALO,Halo Wars
Dino,Halo Wars
Inhaeng,Halo Wars
Ooon,Halo Wars
Jaeyong,Halo Wars
Heecheon,Halo Wars
Yoondong,Halo Wars
LIAR,Halo Wars
HALOVEs,Halo Wars
HALO,Halo Wars
gaming,Halo Wars
HALO,Halo Wars
gta,Halo Wars
halo,Halo Wars
xbox360,Halo Wars
HALO,Halo Wars
HEECHEON,Halo Wars
halo,Halo Wars
bungie,Halo Wars
xbox,Halo Wars
microsoft,Halo Wars
HALO,Halo Wars
gaming,Halo Wars
HALO,Halo Wars
HALO,Halo Wars
gaming,Halo Wars
Halo,Halo Wars
FixMCC,Halo Wars
Halo,Halo Wars
FixMCC,Halo Wars
니가잠든사이에,Halo Wars
헤일로,Halo Wars
HALO,Halo Wars
함께걸어요우리,Halo Wars
GROW_UP,Halo Wars
halo_jp,Halo Wars
halo,Halo Wars
大気光学現象,Halo Wars
헤일로,Halo Wars
HALO,Halo Wars
윤동,Halo Wars
헤일로,Halo Wars
HALO,Halo Wars
윤동,Halo Wars
halo,Halo Wars
bungie,Halo Wars
xbox,Halo Wars
microsoft,Halo Wars
Halo,Halo Wars
RT,Halo Wars
HALO,Halo Wars
F1,Halo Wars
Halo,Halo Wars
F1Testing,Halo Wars
F1,Halo Wars
Halo,Halo Wars
F1Testing,Halo Wars
니가잠든사이에,Halo Wars
헤일로,Halo Wars
HALO,Halo Wars
함께걸어요우리,Halo Wars
GROW_UP,Halo Wars
gamemusic,Halo Wars
halo,Halo Wars
헤일로,Halo Wars
HALO,Halo Wars
희천,Halo Wars
Heecheon,Halo Wars
인행,Halo Wars
이인행,Halo Wars
헤일로,Halo Wars
HALO,Halo Wars
ice,Halo Wars
crystal,Halo Wars
sunrise,Halo Wars
morning,Halo Wars
winchester,Halo Wars
halo,Halo Wars
winter,Halo Wars
beastfromtheeast,Halo Wars
stunning,Halo Wars
sky,Halo Wars
iphonegraphy,Halo Wars
Halo,Halo Wars
김윤동,Halo Wars
윤동,Halo Wars
헤일로,Halo Wars
halo,Halo Wars
헤일로,Halo Wars
HALO,Halo Wars
희천,Halo Wars
Heecheon,Halo Wars
ice,Halo Wars
crystal,Halo Wars
sunrise,Halo Wars
morning,Halo Wars
winchester,Halo Wars
halo,Halo Wars
winter,Halo Wars
beastfromtheeast,Halo Wars
stunning,Halo Wars
sky,Halo Wars
김윤동,Halo Wars
윤동,Halo Wars
헤일로,Halo Wars
halo,Halo Wars
krone,Halo Wars
michaelkrone,Halo Wars
unsc,Halo Wars
halo,Halo Wars
odst,Halo Wars
bungie,Halo Wars
xbox,Halo Wars
microsoft,Halo Wars
Manchester,Halo Wars
HALO,Halo Wars
HALO,Halo Wars
HEECHEON,Halo Wars
헤일로,Halo Wars
희천,Halo Wars
F1Testing,Halo Wars
헤일로,Halo Wars
HALO,Halo Wars
윤동,Halo Wars
halo,Halo Wars
ToroRosso,Halo Wars
Halo,Halo Wars
Hartley,Halo Wars
HALO,Halo Wars
HEECHEON,Halo Wars
헤일로,Halo Wars
희천,Halo Wars
HALO,Halo Wars
HEECHEON,Halo Wars
헤일로,Halo Wars
희천,Halo Wars
HALO,Halo Wars
HEECHEON,Halo Wars
헤일로,Halo Wars
HALO,Halo Wars
희천,Halo Wars
김희천,Halo Wars
FinalFantasy,Final Fantasy V
supportsmallstreamers,Final Fantasy V
smallyoutuber,Final Fantasy V
rpg,Final Fantasy V
gaming,Final Fantasy V
mobilność,Final Fantasy V
FanArt,Final Fantasy V
FinalFantasy,Final Fantasy V
FinalFantasyXV,Final Fantasy V
FFXV,Final Fantasy V
NoctisLucisCaelum,Final Fantasy V
FinalFantasy,Final Fantasy V
RT,Final Fantasy V
FinalFantasy,Final Fantasy V
Moogle,Final Fantasy V
FinalFantasy,Final Fantasy V
square,Final Fantasy V
squaresoft,Final Fantasy V
squareenix,Final Fantasy V
VincentValentine,Final Fantasy V
finalfantasy,Final Fantasy V
ValentinesDay,Final Fantasy V
EverybodysGolf,Final Fantasy V
FinalFantasy,Final Fantasy V
VincentValentine,Final Fantasy V
finalfantasy,Final Fantasy V
ValentinesDay,Final Fantasy V
finalfantasy,Final Fantasy V
ffvii,Final Fantasy V
finalfantasy7,Final Fantasy V
ff7,Final Fantasy V
cloudstrife,Final Fantasy V
TeamEmmmmsie,Final Fantasy V
finalfantasy,Final Fantasy V
finalfantasy,Final Fantasy V
gabranthcosplay,Final Fantasy V
finalfantasy,Final Fantasy V
PS4share,Final Fantasy V
Finalfantasy,Final Fantasy V
Dissidiant,Final Fantasy V
finalfantasy,Final Fantasy V
squareenix,Final Fantasy V
gaming,Final Fantasy V
finalfantasy,Final Fantasy V
finalfantasy,Final Fantasy V
finalfantasy,Final Fantasy V
finalfantasy,Final Fantasy V
finalfantasy,Final Fantasy V
quote,Final Fantasy V
cosplay,Final Fantasy V
SquareEnix,Final Fantasy V
FinalFantasy,Final Fantasy V
ff12,Final Fantasy V
finalfantasy,Final Fantasy V
VincentValentine,Final Fantasy V
finalfantasy,Final Fantasy V
ValentinesDay,Final Fantasy V
FinalFantasy,Final Fantasy V
ff12,Final Fantasy V
finalfantasy,Final Fantasy V
ffxv,Final Fantasy V
finalfantasy,Final Fantasy V
finalfantasy,Final Fantasy V
twitch,Final Fantasy V
NES,Final Fantasy V
Nintendo,Final Fantasy V
FinalFantasy,Final Fantasy V
Squaresoft,Final Fantasy V
JRPG,Final Fantasy V
YouTube,Final Fantasy V
FinalFantasyRecordKeeper,Final Fantasy V
FinalFantasy,Final Fantasy V
FFRK,Final Fantasy V
gaming,Final Fantasy V
VideoGames,Final Fantasy V
FinalFantasy,Final Fantasy V
finalfantasy,Final Fantasy V
ffvii,Final Fantasy V
finalfantasy7,Final Fantasy V
ff7,Final Fantasy V
cloudstrife,Final Fantasy V
FFFiesta,Final Fantasy V
FinalFantasy,Final Fantasy V
finalfantasy,Final Fantasy V
ffxv,Final Fantasy V
iris,Final Fantasy V
vita,Final Fantasy V
psvita,Final Fantasy V
finalfantasy,Final Fantasy V
sony,Final Fantasy V
retrogames,Final Fantasy V
FinalFantasy,Final Fantasy V
VincentValentine,Final Fantasy V
finalfantasy,Final Fantasy V
ValentinesDay,Final Fantasy V
FinalFantasy,Final Fantasy V
FF12TZA,Final Fantasy V
ffxv,Final Fantasy V
finalfantasy,Final Fantasy V
FFX,Final Fantasy V
FinalFantasy,Final Fantasy V
Gaming,Final Fantasy V
Livestream,Final Fantasy V
VincentValentine,Final Fantasy V
finalfantasy,Final Fantasy V
ValentinesDay,Final Fantasy V
art,Final Fantasy V
artwork,Final Fantasy V
3D,Final Fantasy V
shadowbox,Final Fantasy V
custom,Final Fantasy V
finalfantasy,Final Fantasy V
FinalFantasy,Final Fantasy V
VincentValentine,Final Fantasy V
finalfantasy,Final Fantasy V
ValentinesDay,Final Fantasy V
FinalFantasy,Final Fantasy V
VincentValentine,Final Fantasy V
finalfantasy,Final Fantasy V
ValentinesDay,Final Fantasy V
VincentValentine,Final Fantasy V
finalfantasy,Final Fantasy V
ValentinesDay,Final Fantasy V
VincentValentine,Final Fantasy V
finalfantasy,Final Fantasy V
ValentinesDay,Final Fantasy V
FinalFantasy,Final Fantasy V
square,Final Fantasy V
squaresoft,Final Fantasy V
squareenix,Final Fantasy V
finalfantasyvii,Final Fantasy V
finalfantasy,Final Fantasy V
ffvii,Final Fantasy V
finalfantasy7,Final Fantasy V
ff7,Final Fantasy V
pixelart,Final Fantasy V
Vitrine,Final Fantasy V
FullmetalAlchemist,Final Fantasy V
FinalFantasy,Final Fantasy V
FinalFantasy,Final Fantasy V
FinalFantasy,Final Fantasy V
finalfantasyvii,Final Fantasy V
finalfantasy,Final Fantasy V
ffvii,Final Fantasy V
finalfantasy7,Final Fantasy V
FinalFantasy,Final Fantasy V
MarchThroughFantasy,Final Fantasy V
twitchkittens,Final Fantasy V
finalfantasy,Final Fantasy V
livestreaming,Final Fantasy V
finalfantasy,Final Fantasy V
origins,Final Fantasy V
PS4share,Final Fantasy V
FFIX,Final Fantasy V
twitch,Final Fantasy V
twitchclips,Final Fantasy V
finalfantasy,Final Fantasy V
gaming,Final Fantasy V
finalfantasy,Final Fantasy V
finalfantasy,Final Fantasy V
FinalFantasy,Final Fantasy V
FF7,Final Fantasy V
FinalFantasy,Final Fantasy V
クラウド,Final Fantasy V
エアリス,Final Fantasy V
FinalFantasyXIV,Final Fantasy V
streamer,Final Fantasy V
FinalFantasy,Final Fantasy V
Persona5,Final Fantasy V
FINALFANTASY,Final Fantasy V
FinalFantasyXV,Final Fantasy V
demo,Final Fantasy V
pc,Final Fantasy V
finalfantasy,Final Fantasy V
FinalFantasyXV,Final Fantasy V
FFXV,Final Fantasy V
FF15,Final Fantasy V
FinalFantasy15,Final Fantasy V
FFXVSnapshot,Final Fantasy V
PS4share,Final Fantasy V
finalfantasy,Final Fantasy V
FinalFantasy,Final Fantasy V
FINALFANTASY,Final Fantasy V
FF,Final Fantasy V
FF30周年,Final Fantasy V
FF30th,Final Fantasy V
FinalFantasy,Final Fantasy V
FinalFantasyX2,Final Fantasy V
Pokemon,Final Fantasy V
FinalFantasy,Final Fantasy V
finalfantasy,Final Fantasy V
pixelart,Final Fantasy V
fftactics,Final Fantasy V
別れの物語展,Final Fantasy V
ファイナルファンタジー,Final Fantasy V
finalfantasy,Final Fantasy V
写真撮ってる人と繋がりたい,Final Fantasy V
写真好きな人と繋がりたい,Final Fantasy V
カメラ好きな人と繋がりたい,Final Fantasy V
DFFNT,Final Fantasy V
Dissidia,Final Fantasy V
FinalFantasy,Final Fantasy V
NT,Final Fantasy V
Tomberry,Final Fantasy V
tonberry,Final Fantasy V
finalfantasy,Final Fantasy V
Supersculpey,Final Fantasy V
finalfantasy,Final Fantasy V
pixelart,Final Fantasy V
fftactics,Final Fantasy V
finalfantasy,Final Fantasy V
FFXV,Final Fantasy V
FinalFantasy,Final Fantasy V
FinalFantasy,Final Fantasy V
Persona5,Final Fantasy V
finalfantasy,Final Fantasy V
DragonWarrior,Final Fantasy V
FinalFantasy,Final Fantasy V
ドラクエ,Final Fantasy V
ファイナルファンタジー,Final Fantasy V
FinalFantasyXV,Final Fantasy V
finalfantasy,Final Fantasy V
FINALFANTASY,Final Fantasy V
finalfantasy,Final Fantasy V
finalfantasy,Final Fantasy V
RompeRalph,Final Fantasy V
FinalFantasy,Final Fantasy V
FinalFantasy,Final Fantasy V
DidYouKnow,Rayman
Rayman,Rayman
Rayman_Origins,Rayman
Rayman,Rayman
DidYouKnow,Rayman
Rayman,Rayman
Rayman_Origins,Rayman
Rayman,Rayman
Rayman,Rayman
fanart,Rayman
Rayman,Rayman
PSVita,Rayman
Rayman,Rayman
PSVita,Rayman
Rayman,Rayman
Rayman,Rayman
RETROGAMING,Rayman
nintendo,Rayman
nintendoswitch,Rayman
rayman,Rayman
sinemoraex,Rayman
Rayman,Rayman
RaymanLegends,Rayman
NintendoSwitch,Rayman
DidYouKnow,Rayman
Rayman,Rayman
DidYouKnow,Rayman
Rayman,Rayman
DidYouKnow,Rayman
Rayman,Rayman
fanart,Rayman
Rayman,Rayman
fanart,Rayman
Rayman,Rayman
fanart,Rayman
Rayman,Rayman
fanart,Rayman
Rayman,Rayman
fanart,Rayman
Rayman,Rayman
fanart,Rayman
Rayman,Rayman
atari,Rayman
atarijaguar,Rayman
retrogaming,Rayman
rayman,Rayman
Twitch,Rayman
Rayman,Rayman
Rayman3,Rayman
PSVita,Rayman
Rayman,Rayman
PSVita,Rayman
Rayman,Rayman
PSVita,Rayman
Rayman,Rayman
atari,Rayman
atarijaguar,Rayman
retrogaming,Rayman
rayman,Rayman
PSVita,Rayman
Rayman,Rayman
atari,Rayman
atarijaguar,Rayman
retrogaming,Rayman
rayman,Rayman
atari,Rayman
atarijaguar,Rayman
retrogaming,Rayman
rayman,Rayman
PSVita,Rayman
Rayman,Rayman
atari,Rayman
atarijaguar,Rayman
retrogaming,Rayman
rayman,Rayman
atari,Rayman
atarijaguar,Rayman
retrogaming,Rayman
rayman,Rayman
Rayman,Rayman
atari,Rayman
atarijaguar,Rayman
retrogaming,Rayman
rayman,Rayman
atari,Rayman
atarijaguar,Rayman
retrogaming,Rayman
rayman,Rayman
atari,Rayman
atarijaguar,Rayman
retrogaming,Rayman
rayman,Rayman
atari,Rayman
atarijaguar,Rayman
retrogaming,Rayman
rayman,Rayman
GuacaMelee,Rayman
steamlink,Rayman
atari,Rayman
atarijaguar,Rayman
retrogaming,Rayman
rayman,Rayman
atari,Rayman
atarijaguar,Rayman
retrogaming,Rayman
rayman,Rayman
atari,Rayman
atarijaguar,Rayman
retrogaming,Rayman
rayman,Rayman
rayman,Rayman
Gameplay,Rayman
Walkthrough,Rayman
YouTubeGaming,Rayman
YouTubers,Rayman
rayman,Rayman
Gameplay,Rayman
Walkthrough,Rayman
YouTubeGaming,Rayman
YouTubers,Rayman
rayman,Rayman
Gameplay,Rayman
Walkthrough,Rayman
YouTubeGaming,Rayman
YouTubers,Rayman
rayman,Rayman
Gameplay,Rayman
Walkthrough,Rayman
YouTubeGaming,Rayman
Rayman,Rayman
RaymanLegends,Rayman
NintendoSwitch,Rayman
Games,Rayman
Rayman,Rayman
Rayman,Rayman
NintendoSwitch,Rayman
Rayman,Rayman
FanArt,Rayman
Rayman,Rayman
FanArt,Rayman
Rayman,Rayman
Figure,Rayman
Rayman,Rayman
Rayman,Rayman
NintendoSwitch,Rayman
Ubisoft,Rayman
Rayman,Rayman
Rayman,Rayman
Youtube,Rayman
Gaming,Rayman
Trophyhunting,Rayman
Trophies,Rayman
Ps4,Rayman
rayman,Rayman
rabbids,Rayman
ravingrabbids,Rayman
ubisoft,Rayman
wii,Rayman
videogames,Rayman
videojuegos,Rayman
wii,Rayman
coldplay,Rayman
Rayman,Rayman
Rayman,Rayman
UbiSoft,Rayman
RaymanAdventures,Rayman
Rayman,Rayman
JumpnRun,Rayman
2dPlatformer,Rayman
RAYMAN,Rayman
NintendoSwitch,Rayman
Rayman,Rayman
Twitchclips,Rayman
Rayman,Rayman
Twitchclips,Rayman
Rayman,Rayman
Twitchclips,Rayman
Rayman,Rayman
WuTangTasteThePain,Rayman
PlayStation1,Rayman
originalcharacter,Rayman
Jack_Rabbid,Rayman
InvaderBot,Rayman
Jake_the_Bunny_Rascal,Rayman
Rayman,Rayman
NintendoSwitch,Rayman
Rayman,Rayman
WuTangTasteThePain,Rayman
PlayStation1,Rayman
Rayman,Rayman
WuTangTasteThePain,Rayman
PlayStation1,Rayman
Rayman,Rayman
SmashBros,Rayman
RAYMAN,Rayman
Twitch,Rayman
BGGamerz,Rayman
Rayman,Rayman
NintendoSwitch,Rayman
Rayman,Rayman
NintendoSwitch,Rayman
Rayman,Rayman
NintendoSwitch,Rayman
RAYMAN,Rayman
Twitch,Rayman
BGGamerz,Rayman
RAYMAN,Rayman
Twitch,Rayman
BGGamerz,Rayman
Rayman,Rayman
InsomniaVintage,Rayman
InsomniaRetro,Rayman
MeGustaInsomnia,Rayman
inmemoriam,Rayman
Manouchian,Rayman
Rayman,Rayman
AfficheRouge,Rayman
FPTMOI,Rayman
mario,Rayman
rayman,Rayman
Ubisoft,Rayman
Rayman,Rayman
Rayman,Rayman
NintendoSwitch,Rayman
Rayman,Rayman
RaymanLegends,Rayman
rayman,Rayman
bestgame,Rayman
games,Rayman
FanArt,Rayman
Rayman,Rayman
Rayman,Rayman
NintendoSwitch,Rayman
rayman,Rayman
NintendoSwitch,Rayman
Rayman,Rayman
NintendoSwitch,Rayman
rayman,Rayman
NintendoSwitch,Rayman
Rayman,Rayman
NintendoSwitch,Rayman
Libertadores2018,FIFA 16
FIFA16,FIFA 16
Youtube,FIFA 16
実況,FIFA 16
FIFA16,FIFA 16
FIFA16,FIFA 16
fifa16,FIFA 16
fifabolivia,FIFA 16
fifa16,FIFA 16
fifabolivia,FIFA 16
Follow,FIFA 16
RT,FIFA 16
FIFA16,FIFA 16
PES2016,FIFA 16
FM2016,FIFA 16
Libertadores2018,FIFA 16
FIFA16,FIFA 16
Fifa16,FIFA 16
Wazza,FIFA 16
KDB,FIFA 16
Nutmeg,FIFA 16
FIFA16,FIFA 16
FIFA16,FIFA 16
FIFA16,FIFA 16
PS4share,FIFA 16
FIFA16,FIFA 16
FIFA16,FIFA 16
Libertadores,FIFA 16
FIFA16,FIFA 16
ゲーム実況,FIFA 16
FIFA16,FIFA 16
FIFA16,FIFA 16
PS4,FIFA 16
FIFA16,FIFA 16
VPArena,FIFA 16
vr,FIFA 16
ps4,FIFA 16
ゲーム実況,FIFA 16
FIFA16,FIFA 16
BizimAlemciler,FIFA 16
FIFA16,FIFA 16
ゲーム実況,FIFA 16
FIFA16,FIFA 16
FIFA16,FIFA 16
Fifa16,FIFA 16
Fifa16,FIFA 16
FIFA16,FIFA 16
Youtube,FIFA 16
実況,FIFA 16
FIFA16,FIFA 16
Paulistão2018,FIFA 16
FIFA16,FIFA 16
fifa16,FIFA 16
fifabolivia,FIFA 16
FIFA16,FIFA 16
fifa16,FIFA 16
VagnerLove,FIFA 16
fifa15,FIFA 16
fifa16,FIFA 16
fifamobile,FIFA 16
Messi,FIFA 16
FIFA16,FIFA 16
ゲーム実況,FIFA 16
FIFA16,FIFA 16
BizimAlemciler,FIFA 16
FIFA16,FIFA 16
BizimAlemciler,FIFA 16
FIFA16,FIFA 16
ゲーム実況,FIFA 16
FIFA16,FIFA 16
FIFA,FIFA 16
FUTDRAFT,FIFA 16
YOUTUBE,FIFA 16
EA,FIFA 16
ULTIMATETEAM,FIFA 16
FIFA16,FIFA 16
FIFALEGENDS,FIFA 16
FIFA17,FIFA 16
Messi,FIFA 16
FIFA16,FIFA 16
ゲーム実況,FIFA 16
FIFA16,FIFA 16
FIFA16,FIFA 16
FIFA18,FIFA 16
FIFA19,FIFA 16
Youtube,FIFA 16
実況,FIFA 16
FIFA16,FIFA 16
FIFA16,FIFA 16
VPArena,FIFA 16
ps4,FIFA 16
vr,FIFA 16
carrieraillustrata,FIFA 16
carrieraallenatore,FIFA 16
fifa16,FIFA 16
careermode,FIFA 16
fifa18,FIFA 16
facebook,FIFA 16
allenatoreinfifa,FIFA 16
followme,FIFA 16
soccer,FIFA 16
love,FIFA 16
Gifs,Fallout 4
Fallout,Fallout 4
Fallout4,Fallout 4
gaming,Fallout 4
epic,Fallout 4
Commonwealth,Fallout 4
fallout,Fallout 4
fallout4,Fallout 4
Fallout,Fallout 4
fallout4,Fallout 4
Fallout,Fallout 4
Fallout,Fallout 4
Fanart,Fallout 4
Fallout,Fallout 4
Fallout,Fallout 4
fallout4,Fallout 4
fallout,Fallout 4
fallout4mods,Fallout 4
falloutmods,Fallout 4
Fallout,Fallout 4
Fallout,Fallout 4
FalloutCommunity,Fallout 4
FalloutScreenshots,Fallout 4
FalloutGame,Fallout 4
VaultTec,Fallout 4
VaultBoy,Fallout 4
PipBoy,Fallout 4
picopiyo,Fallout 4
pixelart,Fallout 4
fallout,Fallout 4
FalloutNewVegas,Fallout 4
Fallout,Fallout 4
PS3,Fallout 4
Gaming,Fallout 4
YouTube,Fallout 4
YouTubeGaming,Fallout 4
YouTubeLive,Fallout 4
Fallout,Fallout 4
picopiyo,Fallout 4
pixelart,Fallout 4
fallout,Fallout 4
Fallout,Fallout 4
Nuka,Fallout 4
Cola,Fallout 4
Clock,Fallout 4
nukes,Fallout 4
ghouls,Fallout 4
traps,Fallout 4
picopiyo,Fallout 4
pixelart,Fallout 4
fallout,Fallout 4
picopiyo,Fallout 4
pixelart,Fallout 4
fallout,Fallout 4
Fallout,Fallout 4
picopiyo,Fallout 4
pixelart,Fallout 4
fallout,Fallout 4
picopiyo,Fallout 4
pixelart,Fallout 4
fallout,Fallout 4
Fallout,Fallout 4
picopiyo,Fallout 4
pixelart,Fallout 4
fallout,Fallout 4
Gifs,Fallout 4
Fallout,Fallout 4
Fallout4,Fallout 4
gaming,Fallout 4
epic,Fallout 4
Commonwealth,Fallout 4
March,Fallout 4
Fallout,Fallout 4
Fallout4,Fallout 4
twitch,Fallout 4
picopiyo,Fallout 4
pixelart,Fallout 4
fallout,Fallout 4
Fallout4,Fallout 4
gaming,Fallout 4
Bethesda,Fallout 4
LetsPlay,Fallout 4
Fallout4Mod,Fallout 4
fallout,Fallout 4
FO4,Fallout 4
picopiyo,Fallout 4
pixelart,Fallout 4
fallout,Fallout 4
picopiyo,Fallout 4
pixelart,Fallout 4
fallout,Fallout 4
picopiyo,Fallout 4
pixelart,Fallout 4
fallout,Fallout 4
picopiyo,Fallout 4
pixelart,Fallout 4
fallout,Fallout 4
Fallout,Fallout 4
Fallout,Fallout 4
Fallout4,Fallout 4
twitch,Fallout 4
picopiyo,Fallout 4
pixelart,Fallout 4
fallout,Fallout 4
Fallout,Fallout 4
picopiyo,Fallout 4
pixelart,Fallout 4
fallout,Fallout 4
Start,Fallout 4
Prepare,Fallout 4
Foresee,Fallout 4
Survival,Fallout 4
Backup,Fallout 4
Plan,Fallout 4
Cataclysm,Fallout 4
Armageddon,Fallout 4
WormWood,Fallout 4
Apophis,Fallout 4
Appollyn,Fallout 4
picopiyo,Fallout 4
pixelart,Fallout 4
fallout,Fallout 4
picopiyo,Fallout 4
pixelart,Fallout 4
fallout,Fallout 4
picopiyo,Fallout 4
pixelart,Fallout 4
fallout,Fallout 4
picopiyo,Fallout 4
pixelart,Fallout 4
fallout,Fallout 4
picopiyo,Fallout 4
pixelart,Fallout 4
fallout,Fallout 4
Gifs,Fallout 4
Fallout,Fallout 4
Fallout4,Fallout 4
gaming,Fallout 4
epic,Fallout 4
Commonwealth,Fallout 4
picopiyo,Fallout 4
pixelart,Fallout 4
fallout,Fallout 4
picopiyo,Fallout 4
pixelart,Fallout 4
fallout,Fallout 4
picopiyo,Fallout 4
pixelart,Fallout 4
fallout,Fallout 4
picopiyo,Fallout 4
pixelart,Fallout 4
fallout,Fallout 4
TheAfternoonDelight,Fallout 4
PS4live,Fallout 4
Fallout,Fallout 4
Gifs,Fallout 4
Fallout,Fallout 4
Fallout4,Fallout 4
gaming,Fallout 4
epic,Fallout 4
Commonwealth,Fallout 4
Fallout,Fallout 4
Edition,Fallout 4
Gifs,Fallout 4
Fallout,Fallout 4
Fallout4,Fallout 4
gaming,Fallout 4
epic,Fallout 4
Commonwealth,Fallout 4
battlefield,Fallout 4
fallout,Fallout 4
porgs,Fallout 4
starwars,Fallout 4
carriefisher,Fallout 4
starwarslmao,Fallout 4
skyrim,Fallout 4
fallout,Fallout 4
starwarswant,Fallout 4
Fallout,Fallout 4
Fallout,Fallout 4
Fallout,Fallout 4
VATS,Fallout 4
Fallout,Fallout 4
PCGaming,Fallout 4
Fallout4,Fallout 4
フォールアウト4,Fallout 4
Fallout,Fallout 4
ConceptArt,Fallout 4
Fallout4,Fallout 4
Fallout,Fallout 4
Fallout,Fallout 4
fallout,Fallout 4
Fallout,Fallout 4
IMMERSION,Fallout 4
pcmasterrace,Fallout 4
Gifs,Fallout 4
Fallout,Fallout 4
Fallout4,Fallout 4
gaming,Fallout 4
epic,Fallout 4
Commonwealth,Fallout 4
fallout4,Fallout 4
fallout,Fallout 4
fallout4mods,Fallout 4
falloutmods,Fallout 4
Fallout,Fallout 4
AssassinsCreed,Fallout 4
Fallout,Fallout 4
Fallout,Fallout 4
Fallout4,Fallout 4
Bethesda,Fallout 4
Gaming,Fallout 4
atallartist,Fallout 4
merrickthesis,Fallout 4
art,Fallout 4
ink,Fallout 4
drawing,Fallout 4
apocalypse,Fallout 4
gasmask,Fallout 4
bomb,Fallout 4
Geek,Fallout 4
TheWitcher,Fallout 4
Fallout,Fallout 4
Geek,Fallout 4
TheWitcher,Fallout 4
Fallout,Fallout 4
Fallout4,Fallout 4
Fallout,Fallout 4
Fallout4,Fallout 4
Fallout,Fallout 4
fallout,Fallout 4
TeamGupville,Fallout 4
funnymoment,Fallout 4
lol,Fallout 4
laugh,Fallout 4
laughter,Fallout 4
funnny,Fallout 4
memes,Fallout 4
haha,Fallout 4
voidufunny,Fallout 4
l4l,Fallout 4
fallout,Fallout 4
GrandPalais,Fallout 4
MissionImpossible,Fallout 4
Fallout,Fallout 4
Geek,Fallout 4
TheWitcher,Fallout 4
Fallout,Fallout 4
Gifs,Fallout 4
Fallout,Fallout 4
Fallout4,Fallout 4
gaming,Fallout 4
epic,Fallout 4
Commonwealth,Fallout 4
Gifs,Fallout 4
Fallout,Fallout 4
Fallout4,Fallout 4
gaming,Fallout 4
epic,Fallout 4
Commonwealth,Fallout 4
sebastiancastellanos,Fallout 4
theevilwithin,Fallout 4
fallout,Fallout 4
Fallout,Fallout 4
shadman,Fallout 4
vaultmeat,Fallout 4
trap,Fallout 4
Fallout,Fallout 4
Fallout,Fallout 4
Fallout,Fallout 4
Gifs,Fallout 4
Fallout,Fallout 4
Fallout4,Fallout 4
gaming,Fallout 4
epic,Fallout 4
Commonwealth,Fallout 4
MoviesVsGames,Fallout 4
fallout,Fallout 4
fallout4,Fallout 4
PS4live,Fallout 4
Fallout,Fallout 4
fallout,Fallout 4
modiphius,Fallout 4
falloutwastelandwarfare,Fallout 4
falloutminiature,Fallout 4
wargamescenery,Fallout 4
